filename,tokens
resources/markdown/AAFC_ACI.md,2054
resources/markdown/ACA_reef_habitat_v2_0.md,3315
resources/markdown/AHN_AHN2_05M_INT.md,945
resources/markdown/AHN_AHN2_05M_NON.md,936
resources/markdown/AHN_AHN2_05M_RUW.md,905
resources/markdown/AHN_AHN3.md,942
resources/markdown/AHN_AHN4.md,942
resources/markdown/ASTER_AST_L1T_003.md,4330
resources/markdown/AU_GA_AUSTRALIA_5M_DEM.md,1408
resources/markdown/AU_GA_DEM_1SEC_v10_DEM-H.md,1333
resources/markdown/AU_GA_DEM_1SEC_v10_DEM-S.md,1206
resources/markdown/BIOPAMA_GlobalOilPalm_v1.md,1277
resources/markdown/BLM_AIM_v1_TerrADat_TerrestrialAIM.md,5888
resources/markdown/BNETD_land_cover_v1.md,1866
resources/markdown/BNU_FGS_CCNL_v1.md,1068
resources/markdown/CANADA_NFIS_NTEMS_CA_FOREST_AGE.md,1018
resources/markdown/CAS_IGSNRR_PML_V2_v018.md,1886
resources/markdown/CGIAR_SRTM90_V4.md,1235
resources/markdown/CIESIN_GPWv411_GPW_Basic_Demographic_Characteristics.md,1388
resources/markdown/CIESIN_GPWv411_GPW_Data_Context.md,1419
resources/markdown/CIESIN_GPWv411_GPW_Land_Area.md,1273
resources/markdown/CIESIN_GPWv411_GPW_Mean_Administrative_Unit_Area.md,1335
resources/markdown/CIESIN_GPWv411_GPW_National_Identifier_Grid.md,1331
resources/markdown/CIESIN_GPWv411_GPW_Population_Count.md,1323
resources/markdown/CIESIN_GPWv411_GPW_Population_Density.md,1290
resources/markdown/CIESIN_GPWv411_GPW_UNWPP-Adjusted_Population_Count.md,1430
resources/markdown/CIESIN_GPWv411_GPW_UNWPP-Adjusted_Population_Density.md,1388
resources/markdown/CIESIN_GPWv411_GPW_Water_Area.md,1301
resources/markdown/CIESIN_GPWv411_GPW_Water_Mask.md,1439
resources/markdown/COPERNICUS_CORINE_V20_100m.md,2509
resources/markdown/COPERNICUS_DEM_GLO30.md,1592
resources/markdown/COPERNICUS_Landcover_100m_Proba-V-C3_Global.md,3953
resources/markdown/COPERNICUS_MARINE_SATELLITE_OCEAN_COLOR_V6.md,1974
resources/markdown/COPERNICUS_S1_GRD.md,3792
resources/markdown/COPERNICUS_S2_CLOUD_PROBABILITY.md,1605
resources/markdown/COPERNICUS_S2_HARMONIZED.md,4866
resources/markdown/COPERNICUS_S2_SR_HARMONIZED.md,5609
resources/markdown/COPERNICUS_S3_OLCI.md,4346
resources/markdown/COPERNICUS_S5P_NRTI_L3_AER_AI.md,2974
resources/markdown/COPERNICUS_S5P_NRTI_L3_AER_LH.md,2925
resources/markdown/COPERNICUS_S5P_NRTI_L3_CLOUD.md,2476
resources/markdown/COPERNICUS_S5P_NRTI_L3_CO.md,2804
resources/markdown/COPERNICUS_S5P_NRTI_L3_HCHO.md,2944
resources/markdown/COPERNICUS_S5P_NRTI_L3_NO2.md,3206
resources/markdown/COPERNICUS_S5P_NRTI_L3_O3.md,2767
resources/markdown/COPERNICUS_S5P_NRTI_L3_SO2.md,3081
resources/markdown/COPERNICUS_S5P_OFFL_L3_AER_AI.md,3150
resources/markdown/COPERNICUS_S5P_OFFL_L3_AER_LH.md,3070
resources/markdown/COPERNICUS_S5P_OFFL_L3_CH4.md,3194
resources/markdown/COPERNICUS_S5P_OFFL_L3_CLOUD.md,2992
resources/markdown/COPERNICUS_S5P_OFFL_L3_CO.md,2903
resources/markdown/COPERNICUS_S5P_OFFL_L3_HCHO.md,3061
resources/markdown/COPERNICUS_S5P_OFFL_L3_NO2.md,3314
resources/markdown/COPERNICUS_S5P_OFFL_L3_O3.md,3169
resources/markdown/COPERNICUS_S5P_OFFL_L3_O3_TCL.md,2556
resources/markdown/COPERNICUS_S5P_OFFL_L3_SO2.md,3405
resources/markdown/CPOM_CryoSat2_ANTARCTICA_DEM.md,1407
resources/markdown/CSIC_SPEI_2_10.md,4314
resources/markdown/CSP_ERGo_1_0_Global_ALOS_CHILI.md,1273
resources/markdown/CSP_ERGo_1_0_Global_ALOS_landforms.md,1545
resources/markdown/CSP_ERGo_1_0_Global_ALOS_mTPI.md,1358
resources/markdown/CSP_ERGo_1_0_Global_ALOS_topoDiversity.md,1365
resources/markdown/CSP_ERGo_1_0_Global_SRTM_CHILI.md,1261
resources/markdown/CSP_ERGo_1_0_Global_SRTM_landforms.md,1539
resources/markdown/CSP_ERGo_1_0_Global_SRTM_mTPI.md,1350
resources/markdown/CSP_ERGo_1_0_Global_SRTM_topoDiversity.md,1363
resources/markdown/CSP_ERGo_1_0_US_CHILI.md,1234
resources/markdown/CSP_ERGo_1_0_US_landforms.md,1507
resources/markdown/CSP_ERGo_1_0_US_lithology.md,1511
resources/markdown/CSP_ERGo_1_0_US_mTPI.md,1312
resources/markdown/CSP_ERGo_1_0_US_physioDiversity.md,1255
resources/markdown/CSP_ERGo_1_0_US_physiography.md,1162
resources/markdown/CSP_ERGo_1_0_US_topoDiversity.md,1333
resources/markdown/CSP_HM_GlobalHumanModification.md,1063
resources/markdown/DLR_WSF_WSF2015_v1.md,1432
resources/markdown/DOE_ORNL_LandScan_HD_Ukraine_202201.md,1009
resources/markdown/ECMWF_CAMS_NRT.md,2640
resources/markdown/ECMWF_ERA5_DAILY.md,3769
resources/markdown/ECMWF_ERA5_MONTHLY.md,1884
resources/markdown/ECMWF_NRT_FORECAST_IFS_SCWV.md,1923
resources/markdown/ECMWF_NRT_FORECAST_IFS_WAVE.md,1877
resources/markdown/EDF_MethaneSAT_MethaneAIR_L3concentration.md,2402
resources/markdown/EDF_MethaneSAT_MethaneAIR_L4area.md,2248
resources/markdown/EDF_MethaneSAT_MethaneAIR_L4point.md,2802
resources/markdown/EDF_OGIM_current.md,2568
resources/markdown/EPA_Ecoregions_2013_L3.md,2226
resources/markdown/EPA_Ecoregions_2013_L4.md,2289
resources/markdown/ESA_CCI_FireCCI_5_1.md,2836
resources/markdown/ESA_GLOBCOVER_L4_200901_200912_V2_3.md,1707
resources/markdown/ESA_WorldCereal_2021_MARKERS_v100.md,2159
resources/markdown/ESA_WorldCereal_2021_MODELS_v100.md,2305
resources/markdown/ESA_WorldCereal_AEZ_v100.md,2424
resources/markdown/ESA_WorldCover_v100.md,1308
resources/markdown/ESA_WorldCover_v200.md,1166
resources/markdown/Estonia_Maamet_orthos_mono.md,958
resources/markdown/Estonia_Maamet_orthos_mono_low_flying.md,1014
resources/markdown/Estonia_Maamet_orthos_rgb.md,1001
resources/markdown/Estonia_Maamet_orthos_rgb_low_flying.md,1057
resources/markdown/FAO_GAUL_2015_level0.md,1571
resources/markdown/FAO_GAUL_2015_level1.md,1640
resources/markdown/FAO_GAUL_2015_level2.md,1660
resources/markdown/FAO_GAUL_SIMPLIFIED_500m_2015_level0.md,1262
resources/markdown/FAO_GAUL_SIMPLIFIED_500m_2015_level1.md,1332
resources/markdown/FAO_GAUL_SIMPLIFIED_500m_2015_level2.md,1352
resources/markdown/FAO_GHG_1_DROSA_A.md,1683
resources/markdown/FAO_GHG_1_DROSE_A.md,1719
resources/markdown/FAO_SOFO_1_FPP.md,1463
resources/markdown/FAO_SOFO_1_TPP.md,1779
resources/markdown/FAO_WAPOR_2_L1_AETI_D.md,1142
resources/markdown/FAO_WAPOR_2_L1_E_D.md,1064
resources/markdown/FAO_WAPOR_2_L1_I_D.md,1114
resources/markdown/FAO_WAPOR_2_L1_NPP_D.md,1068
resources/markdown/FAO_WAPOR_2_L1_RET_D.md,1099
resources/markdown/FAO_WAPOR_2_L1_RET_E.md,1077
resources/markdown/FAO_WAPOR_2_L1_T_D.md,1065
resources/markdown/FAO_WAPOR_3_L1_AETI_D.md,1130
resources/markdown/FAO_WAPOR_3_L1_E_D.md,1054
resources/markdown/FAO_WAPOR_3_L1_I_D.md,1119
resources/markdown/FAO_WAPOR_3_L1_RET_D.md,1094
resources/markdown/FAO_WAPOR_3_L1_RET_E.md,1072
resources/markdown/FAO_WAPOR_3_L1_T_D.md,1084
resources/markdown/FIRMS.md,1492
resources/markdown/Finland_MAVI_VV_50cm.md,1021
resources/markdown/Finland_SMK_VV_50cm.md,1035
resources/markdown/Finland_SMK_V_50cm.md,996
resources/markdown/GFW_GFF_V1_fishing_hours.md,1071
resources/markdown/GFW_GFF_V1_vessel_hours.md,1085
resources/markdown/GLCF_GLS_WATER.md,1468
resources/markdown/GLIMS_20230607.md,1979
resources/markdown/GLIMS_current.md,1936
resources/markdown/GLOBAL_FLOOD_DB_MODIS_EVENTS_V1.md,2473
resources/markdown/GOOGLE_AirView_California_Unified_2015_2019.md,1849
resources/markdown/GOOGLE_CLOUD_SCORE_PLUS_V1_S2_HARMONIZED.md,1942
resources/markdown/GOOGLE_DYNAMICWORLD_V1.md,3105
resources/markdown/GOOGLE_GLOBAL_CCDC_V1.md,2036
resources/markdown/GOOGLE_Research_open-buildings-temporal_v1.md,2041
resources/markdown/GOOGLE_Research_open-buildings_v3_polygons.md,1770
resources/markdown/GOOGLE_SATELLITE_EMBEDDING_V1_ANNUAL.md,3590
resources/markdown/GRIDMET_DROUGHT.md,3429
resources/markdown/Germany_Brandenburg_orthos_20cm.md,1009
resources/markdown/HU_BERLIN_EPFD_V2_points.md,2346
resources/markdown/HU_BERLIN_EPFD_V2_polygons.md,2242
resources/markdown/HYCOM_sea_surface_elevation.md,1204
resources/markdown/HYCOM_sea_temp_salinity.md,5000
resources/markdown/HYCOM_sea_water_velocity.md,4501
resources/markdown/IDAHO_EPSCOR_GRIDMET.md,1643
resources/markdown/IDAHO_EPSCOR_MACAv2_METDATA.md,1711
resources/markdown/IDAHO_EPSCOR_MACAv2_METDATA_MONTHLY.md,1652
resources/markdown/IDAHO_EPSCOR_TERRACLIMATE.md,2464
resources/markdown/IGN_RGE_ALTI_1M_2_0.md,1354
resources/markdown/ISDASOIL_Africa_v1_aluminium_extractable.md,2785
resources/markdown/ISDASOIL_Africa_v1_bedrock_depth.md,1797
resources/markdown/ISDASOIL_Africa_v1_bulk_density.md,2588
resources/markdown/ISDASOIL_Africa_v1_calcium_extractable.md,2577
resources/markdown/ISDASOIL_Africa_v1_carbon_organic.md,2527
resources/markdown/ISDASOIL_Africa_v1_carbon_total.md,2535
resources/markdown/ISDASOIL_Africa_v1_cation_exchange_capacity.md,2564
resources/markdown/ISDASOIL_Africa_v1_clay_content.md,2432
resources/markdown/ISDASOIL_Africa_v1_fcc.md,7507
resources/markdown/ISDASOIL_Africa_v1_iron_extractable.md,2551
resources/markdown/ISDASOIL_Africa_v1_magnesium_extractable.md,2561
resources/markdown/ISDASOIL_Africa_v1_nitrogen_total.md,2555
resources/markdown/ISDASOIL_Africa_v1_ph.md,2486
resources/markdown/ISDASOIL_Africa_v1_phosphorus_extractable.md,2544
resources/markdown/ISDASOIL_Africa_v1_potassium_extractable.md,2556
resources/markdown/ISDASOIL_Africa_v1_sand_content.md,2424
resources/markdown/ISDASOIL_Africa_v1_silt_content.md,2453
resources/markdown/ISDASOIL_Africa_v1_stone_content.md,2527
resources/markdown/ISDASOIL_Africa_v1_sulphur_extractable.md,2557
resources/markdown/ISDASOIL_Africa_v1_texture_class.md,1434
resources/markdown/ISDASOIL_Africa_v1_zinc_extractable.md,2539
resources/markdown/ISRIC_SoilGrids250m_v2_0.md,2336
resources/markdown/IUCN_GlobalEcosystemTypology_current.md,2580
resources/markdown/JAXA_ALOS_AVNIR-2_ORI.md,2123
resources/markdown/JAXA_ALOS_AW3D30_V4_1.md,2804
resources/markdown/JAXA_ALOS_PALSAR-2_Level2_1_StripMap_202401.md,1549
resources/markdown/JAXA_ALOS_PALSAR-2_Level2_2_ScanSAR.md,2200
resources/markdown/JAXA_ALOS_PALSAR_YEARLY_FNF.md,1508
resources/markdown/JAXA_ALOS_PALSAR_YEARLY_FNF4.md,1464
resources/markdown/JAXA_ALOS_PALSAR_YEARLY_SAR.md,1669
resources/markdown/JAXA_ALOS_PALSAR_YEARLY_SAR_EPOCH.md,1614
resources/markdown/JAXA_GCOM-C_L3_LAND_LAI_V1.md,1950
resources/markdown/JAXA_GCOM-C_L3_LAND_LAI_V2.md,1994
resources/markdown/JAXA_GCOM-C_L3_LAND_LAI_V3.md,1965
resources/markdown/JAXA_GCOM-C_L3_LAND_LST_V1.md,1962
resources/markdown/JAXA_GCOM-C_L3_LAND_LST_V2.md,1938
resources/markdown/JAXA_GCOM-C_L3_LAND_LST_V3.md,1908
resources/markdown/JAXA_GCOM-C_L3_OCEAN_CHLA_V1.md,1970
resources/markdown/JAXA_GCOM-C_L3_OCEAN_CHLA_V2.md,1893
resources/markdown/JAXA_GCOM-C_L3_OCEAN_CHLA_V3.md,1863
resources/markdown/JAXA_GCOM-C_L3_OCEAN_SST_V1.md,1921
resources/markdown/JAXA_GCOM-C_L3_OCEAN_SST_V2.md,1926
resources/markdown/JAXA_GCOM-C_L3_OCEAN_SST_V3.md,1897
resources/markdown/JAXA_GPM_L3_GSMaP_v6_operational.md,2949
resources/markdown/JAXA_GPM_L3_GSMaP_v6_reanalysis.md,2854
resources/markdown/JAXA_GPM_L3_GSMaP_v7_operational.md,2917
resources/markdown/JAXA_GPM_L3_GSMaP_v8_operational.md,2917
resources/markdown/JCU_Murray_GIC_global_tidal_wetland_change_2019.md,2038
resources/markdown/JRC_CEMS_GLOFAS_FloodHazard_v1.md,1368
resources/markdown/JRC_D5_EUCROPMAP_V1.md,1955
resources/markdown/JRC_GFC2020_V2.md,2156
resources/markdown/JRC_GFC2020_subtypes_V0.md,2173
resources/markdown/JRC_GHSL_P2023A_GHS_BUILT_C.md,2039
resources/markdown/JRC_GHSL_P2023A_GHS_BUILT_H.md,1777
resources/markdown/JRC_GHSL_P2023A_GHS_BUILT_S.md,1904
resources/markdown/JRC_GHSL_P2023A_GHS_BUILT_S_10m.md,1901
resources/markdown/JRC_GHSL_P2023A_GHS_BUILT_V.md,1878
resources/markdown/JRC_GHSL_P2023A_GHS_POP.md,1814
resources/markdown/JRC_GHSL_P2023A_GHS_SMOD_V2-0.md,1954
resources/markdown/JRC_GSW1_2_GlobalSurfaceWater.md,1693
resources/markdown/JRC_GSW1_4_GlobalSurfaceWater.md,1709
resources/markdown/JRC_GSW1_4_Metadata.md,1245
resources/markdown/JRC_GSW1_4_MonthlyHistory.md,1393
resources/markdown/JRC_GSW1_4_MonthlyRecurrence.md,1437
resources/markdown/JRC_GSW1_4_YearlyHistory.md,1338
resources/markdown/JRC_GWIS_GlobFire_v2_DailyPerimeters.md,1302
resources/markdown/JRC_GWIS_GlobFire_v2_FinalPerimeters.md,1237
resources/markdown/KNTU_LiDARLab_IranLandCover_V1.md,1213
resources/markdown/LANDFIRE_Fire_FRG_v1_2_0.md,2047
resources/markdown/LANDFIRE_Fire_MFRI_v1_2_0.md,2365
resources/markdown/LANDFIRE_Fire_PLS_v1_2_0.md,2372
resources/markdown/LANDFIRE_Fire_PMS_v1_2_0.md,2376
resources/markdown/LANDFIRE_Fire_PRS_v1_2_0.md,2367
resources/markdown/LANDFIRE_Fire_SClass_v1_4_0.md,2185
resources/markdown/LANDFIRE_Fire_VCC_v1_4_0.md,2212
resources/markdown/LANDFIRE_Fire_VDep_v1_4_0.md,3407
resources/markdown/LANDFIRE_Vegetation_EVC_v1_4_0.md,3215
resources/markdown/LANDFIRE_Vegetation_EVH_v1_4_0.md,1635
resources/markdown/LANDSAT_GLS1975.md,1068
resources/markdown/LANDSAT_GLS2005.md,1103
resources/markdown/LANDSAT_GLS2005_L5.md,1142
resources/markdown/LANDSAT_GLS2005_L7.md,1144
resources/markdown/LANDSAT_LC08_C02_T1.md,5854
resources/markdown/LANDSAT_LC08_C02_T1_L2.md,5619
resources/markdown/LANDSAT_LC08_C02_T1_RT.md,6068
resources/markdown/LANDSAT_LC08_C02_T1_RT_TOA.md,5891
resources/markdown/LANDSAT_LC08_C02_T1_TOA.md,6191
resources/markdown/LANDSAT_LC08_C02_T2.md,5822
resources/markdown/LANDSAT_LC08_C02_T2_L2.md,5331
resources/markdown/LANDSAT_LC08_C02_T2_TOA.md,5816
resources/markdown/LANDSAT_LC09_C02_T1.md,5854
resources/markdown/LANDSAT_LC09_C02_T1_L2.md,5619
resources/markdown/LANDSAT_LC09_C02_T1_TOA.md,6002
resources/markdown/LANDSAT_LC09_C02_T2.md,5822
resources/markdown/LANDSAT_LC09_C02_T2_L2.md,5331
resources/markdown/LANDSAT_LC09_C02_T2_TOA.md,5847
resources/markdown/LANDSAT_LE07_C02_T1.md,6985
resources/markdown/LANDSAT_LE07_C02_T1_L2.md,5151
resources/markdown/LANDSAT_LE07_C02_T1_RT.md,7200
resources/markdown/LANDSAT_LE07_C02_T1_RT_TOA.md,6836
resources/markdown/LANDSAT_LE07_C02_T1_TOA.md,6808
resources/markdown/LANDSAT_LE07_C02_T2.md,6953
resources/markdown/LANDSAT_LE07_C02_T2_L2.md,4863
resources/markdown/LANDSAT_LE07_C02_T2_TOA.md,6808
resources/markdown/LANDSAT_LM01_C02_T1.md,4481
resources/markdown/LANDSAT_LM01_C02_T2.md,4452
resources/markdown/LANDSAT_LM02_C02_T1.md,4481
resources/markdown/LANDSAT_LM02_C02_T2.md,4452
resources/markdown/LANDSAT_LM03_C02_T1.md,4481
resources/markdown/LANDSAT_LM03_C02_T2.md,4452
resources/markdown/LANDSAT_LM04_C02_T1.md,4482
resources/markdown/LANDSAT_LM04_C02_T2.md,4453
resources/markdown/LANDSAT_LM05_C02_T1.md,4482
resources/markdown/LANDSAT_LM05_C02_T2.md,4453
resources/markdown/LANDSAT_LT04_C02_T1.md,5433
resources/markdown/LANDSAT_LT04_C02_T1_L2.md,4799
resources/markdown/LANDSAT_LT04_C02_T1_TOA.md,5210
resources/markdown/LANDSAT_LT04_C02_T2.md,5404
resources/markdown/LANDSAT_LT04_C02_T2_L2.md,4799
resources/markdown/LANDSAT_LT04_C02_T2_TOA.md,5210
resources/markdown/LANDSAT_LT05_C02_T1.md,5433
resources/markdown/LANDSAT_LT05_C02_T1_L2.md,5087
resources/markdown/LANDSAT_LT05_C02_T1_TOA.md,5210
resources/markdown/LANDSAT_LT05_C02_T2.md,5404
resources/markdown/LANDSAT_LT05_C02_T2_L2.md,4799
resources/markdown/LANDSAT_LT05_C02_T2_TOA.md,5210
resources/markdown/LANDSAT_MANGROVE_FORESTS.md,1616
resources/markdown/LARSE_GEDI_GEDI02_A_002.md,4403
resources/markdown/LARSE_GEDI_GEDI02_A_002_INDEX.md,1721
resources/markdown/LARSE_GEDI_GEDI02_A_002_MONTHLY.md,5397
resources/markdown/LARSE_GEDI_GEDI02_B_002.md,4306
resources/markdown/LARSE_GEDI_GEDI02_B_002_INDEX.md,1726
resources/markdown/LARSE_GEDI_GEDI02_B_002_MONTHLY.md,4842
resources/markdown/LARSE_GEDI_GEDI04_A_002.md,3645
resources/markdown/LARSE_GEDI_GEDI04_A_002_INDEX.md,1784
resources/markdown/LARSE_GEDI_GEDI04_A_002_MONTHLY.md,3579
resources/markdown/LARSE_GEDI_GEDI04_B_002.md,2388
resources/markdown/LARSE_GEDI_GRIDDEDVEG_002_COUNTS_V1_12KM.md,3091
resources/markdown/LARSE_GEDI_GRIDDEDVEG_002_COUNTS_V1_1KM.md,3090
resources/markdown/LARSE_GEDI_GRIDDEDVEG_002_COUNTS_V1_6KM.md,3090
resources/markdown/LARSE_GEDI_GRIDDEDVEG_002_V1_12KM.md,3335
resources/markdown/LARSE_GEDI_GRIDDEDVEG_002_V1_1KM.md,3336
resources/markdown/LARSE_GEDI_GRIDDEDVEG_002_V1_6KM.md,3336
resources/markdown/Latvia_Maamet_orthos_cir.md,959
resources/markdown/Latvia_Maamet_orthos_rgb.md,927
resources/markdown/MERIT_DEM_v1_0_3.md,1684
resources/markdown/MERIT_Hydro_reduced_v1_0_1.md,1428
resources/markdown/MERIT_Hydro_v1_0_1.md,2504
resources/markdown/MODIS_006_MOD44W.md,1471
resources/markdown/MODIS_006_MODOCGA.md,3227
resources/markdown/MODIS_006_MYDOCGA.md,3243
resources/markdown/MODIS_061_MCD12C1.md,5044
resources/markdown/MODIS_061_MCD12Q1.md,5998
resources/markdown/MODIS_061_MCD12Q2.md,3286
resources/markdown/MODIS_061_MCD15A3H.md,2187
resources/markdown/MODIS_061_MCD19A1_GRANULES.md,2552
resources/markdown/MODIS_061_MCD19A2_GRANULES.md,2353
resources/markdown/MODIS_061_MCD43A1.md,4739
resources/markdown/MODIS_061_MCD43A2.md,4718
resources/markdown/MODIS_061_MCD43A3.md,4011
resources/markdown/MODIS_061_MCD43A4.md,2989
resources/markdown/MODIS_061_MCD43C3.md,2655
resources/markdown/MODIS_061_MCD64A1.md,1971
resources/markdown/MODIS_061_MOD08_M3.md,1934
resources/markdown/MODIS_061_MOD09A1.md,3514
resources/markdown/MODIS_061_MOD09CMG.md,4628
resources/markdown/MODIS_061_MOD09GA.md,4364
resources/markdown/MODIS_061_MOD09GQ.md,2057
resources/markdown/MODIS_061_MOD09Q1.md,2480
resources/markdown/MODIS_061_MOD10A1.md,2579
resources/markdown/MODIS_061_MOD10A2.md,1705
resources/markdown/MODIS_061_MOD11A1.md,2530
resources/markdown/MODIS_061_MOD11A2.md,3460
resources/markdown/MODIS_061_MOD13A1.md,2451
resources/markdown/MODIS_061_MOD13A2.md,2372
resources/markdown/MODIS_061_MOD13A3.md,2315
resources/markdown/MODIS_061_MOD13C1.md,2365
resources/markdown/MODIS_061_MOD13Q1.md,2451
resources/markdown/MODIS_061_MOD14A1.md,1718
resources/markdown/MODIS_061_MOD14A2.md,1568
resources/markdown/MODIS_061_MOD15A2H.md,1487
resources/markdown/MODIS_061_MOD16A2.md,2170
resources/markdown/MODIS_061_MOD16A2GF.md,1934
resources/markdown/MODIS_061_MOD17A2H.md,1727
resources/markdown/MODIS_061_MOD17A2HGF.md,1737
resources/markdown/MODIS_061_MOD17A3HGF.md,1282
resources/markdown/MODIS_061_MOD21A1D.md,2322
resources/markdown/MODIS_061_MOD21A1N.md,2322
resources/markdown/MODIS_061_MOD21C1.md,3196
resources/markdown/MODIS_061_MOD21C2.md,3225
resources/markdown/MODIS_061_MOD21C3.md,3230
resources/markdown/MODIS_061_MOD44B.md,2107
resources/markdown/MODIS_061_MYD08_M3.md,1959
resources/markdown/MODIS_061_MYD09A1.md,3533
resources/markdown/MODIS_061_MYD09CMG.md,4750
resources/markdown/MODIS_061_MYD09GA.md,4383
resources/markdown/MODIS_061_MYD09GQ.md,2078
resources/markdown/MODIS_061_MYD09Q1.md,2481
resources/markdown/MODIS_061_MYD10A1.md,2591
resources/markdown/MODIS_061_MYD11A1.md,2550
resources/markdown/MODIS_061_MYD11A2.md,3468
resources/markdown/MODIS_061_MYD13A1.md,2474
resources/markdown/MODIS_061_MYD13A2.md,2391
resources/markdown/MODIS_061_MYD13A3.md,2303
resources/markdown/MODIS_061_MYD13C1.md,2381
resources/markdown/MODIS_061_MYD13Q1.md,2469
resources/markdown/MODIS_061_MYD14A1.md,1738
resources/markdown/MODIS_061_MYD14A2.md,1586
resources/markdown/MODIS_061_MYD15A2H.md,1506
resources/markdown/MODIS_061_MYD17A2H.md,1750
resources/markdown/MODIS_061_MYD17A3HGF.md,1297
resources/markdown/MODIS_061_MYD21A1D.md,2342
resources/markdown/MODIS_061_MYD21A1N.md,2342
resources/markdown/MODIS_061_MYD21C1.md,3219
resources/markdown/MODIS_061_MYD21C2.md,3251
resources/markdown/MODIS_061_MYD21C3.md,3256
resources/markdown/MODIS_062_MCD18A1.md,1734
resources/markdown/MODIS_062_MCD18C2.md,1347
resources/markdown/MODIS_MOD44W_MOD44W_005_2000_02_24.md,1296
resources/markdown/MODIS_NTSG_MOD16A2_105.md,1922
resources/markdown/NASA_ASTER_GED_AG100_003.md,1977
resources/markdown/NASA_EMIT_L2B_CH4ENH.md,1502
resources/markdown/NASA_EMIT_L2B_CH4PLM.md,1613
resources/markdown/NASA_FLDAS_NOAH01_C_GL_M_V001.md,2315
resources/markdown/NASA_GDDP-CMIP6.md,2770
resources/markdown/NASA_GEOS-CF_v1_fcst_htf.md,2041
resources/markdown/NASA_GEOS-CF_v1_fcst_tavg1hr.md,6603
resources/markdown/NASA_GEOS-CF_v1_rpl_htf.md,1957
resources/markdown/NASA_GEOS-CF_v1_rpl_tavg1hr.md,6638
resources/markdown/NASA_GIMMS_3GV0.md,1088
resources/markdown/NASA_GLDAS_V021_NOAH_G025_T3H.md,3163
resources/markdown/NASA_GLDAS_V022_CLSM_G025_DA1D.md,2780
resources/markdown/NASA_GLDAS_V20_NOAH_G025_T3H.md,3154
resources/markdown/NASA_GPM_L3_IMERG_MONTHLY_V06.md,1823
resources/markdown/NASA_GPM_L3_IMERG_MONTHLY_V07.md,1820
resources/markdown/NASA_GPM_L3_IMERG_V07.md,2404
resources/markdown/NASA_GRACE_MASS_GRIDS_OCEAN_EOFR.md,1993
resources/markdown/NASA_GRACE_MASS_GRIDS_V04_LAND.md,2053
resources/markdown/NASA_GRACE_MASS_GRIDS_V04_MASCON.md,1986
resources/markdown/NASA_GRACE_MASS_GRIDS_V04_MASCON_CRI.md,2005
resources/markdown/NASA_GRACE_MASS_GRIDS_V04_OCEAN.md,1974
resources/markdown/NASA_GSFC_MERRA_aer_2.md,2323
resources/markdown/NASA_GSFC_MERRA_flx_2.md,2638
resources/markdown/NASA_GSFC_MERRA_lnd_2.md,2712
resources/markdown/NASA_GSFC_MERRA_rad_2.md,2382
resources/markdown/NASA_GSFC_MERRA_slv_2.md,2028
resources/markdown/NASA_HLS_HLSL30_v002.md,2277
resources/markdown/NASA_HLS_HLSS30_v002.md,3128
resources/markdown/NASA_JPL_global_forest_canopy_height_2005.md,1057
resources/markdown/NASA_LANCE_NOAA20_VIIRS_C2.md,1907
resources/markdown/NASA_LANCE_SNPP_VIIRS_C2.md,1884
resources/markdown/NASA_MEASURES_GFCC_TC_v3.md,1880
resources/markdown/NASA_NASADEM_HGT_001.md,1514
resources/markdown/NASA_NEX-DCP30.md,1833
resources/markdown/NASA_NEX-DCP30_ENSEMBLE_STATS.md,2009
resources/markdown/NASA_NEX-GDDP.md,1640
resources/markdown/NASA_NLDAS_FORA0125_H002.md,1929
resources/markdown/NASA_OCEANDATA_MODIS-Aqua_L3SMI.md,3392
resources/markdown/NASA_OCEANDATA_MODIS-Terra_L3SMI.md,3308
resources/markdown/NASA_OCEANDATA_SeaWiFS_L3SMI.md,2673
resources/markdown/NASA_ORNL_DAYMET_V4.md,1837
resources/markdown/NASA_ORNL_biomass_carbon_density_v1.md,1887
resources/markdown/NASA_ORNL_global_forest_classification_2020_V1.md,2094
resources/markdown/NASA_SMAP_SPL3SMP_E_005.md,3700
resources/markdown/NASA_SMAP_SPL3SMP_E_006.md,3712
resources/markdown/NASA_SMAP_SPL4SMGP_007.md,3376
resources/markdown/NASA_TEMPO_HCHO_L3.md,1668
resources/markdown/NASA_TEMPO_HCHO_L3_QA.md,1734
resources/markdown/NASA_TEMPO_NO2_L3.md,2239
resources/markdown/NASA_TEMPO_NO2_L3_QA.md,2306
resources/markdown/NASA_VIIRS_002_VNP09GA.md,4415
resources/markdown/NASA_VIIRS_002_VNP09H1.md,2657
resources/markdown/NASA_VIIRS_002_VNP13A1.md,2609
resources/markdown/NASA_VIIRS_002_VNP14A1.md,1942
resources/markdown/NASA_VIIRS_002_VNP15A2H.md,2150
resources/markdown/NASA_VIIRS_002_VNP21A1D.md,2213
resources/markdown/NASA_VIIRS_002_VNP21A1N.md,2214
resources/markdown/NASA_VIIRS_002_VNP43IA4.md,1920
resources/markdown/NASA_VIIRS_002_VNP46A2.md,2214
resources/markdown/NCEP_RE_sea_level_pressure.md,1143
resources/markdown/NCEP_RE_surface_temp.md,1146
resources/markdown/NCEP_RE_surface_wv.md,1144
resources/markdown/NOAA_CDR_ATMOS_NEAR_SURFACE_V2.md,1774
resources/markdown/NOAA_CDR_AVHRR_AOT_V4.md,1640
resources/markdown/NOAA_CDR_AVHRR_LAI_FAPAR_V5.md,2043
resources/markdown/NOAA_CDR_AVHRR_NDVI_V5.md,2224
resources/markdown/NOAA_CDR_AVHRR_SR_V5.md,2460
resources/markdown/NOAA_CDR_GRIDSAT-B1_V2.md,2725
resources/markdown/NOAA_CDR_HEAT_FLUXES_V2.md,1688
resources/markdown/NOAA_CDR_OISST_V2_1.md,1766
resources/markdown/NOAA_CDR_PATMOSX_V53.md,5994
resources/markdown/NOAA_CDR_SST_PATHFINDER_V53.md,2974
resources/markdown/NOAA_CDR_SST_WHOI_V2.md,1672
resources/markdown/NOAA_CDR_VIIRS_LAI_FAPAR_V1.md,2128
resources/markdown/NOAA_CDR_VIIRS_NDVI_V1.md,2223
resources/markdown/NOAA_CFSR.md,6134
resources/markdown/NOAA_CFSV2_FOR6H.md,2497
resources/markdown/NOAA_CPC_Precipitation.md,1472
resources/markdown/NOAA_CPC_Temperature.md,1055
resources/markdown/NOAA_DMSP-OLS_CALIBRATED_LIGHTS_V4.md,1305
resources/markdown/NOAA_DMSP-OLS_NIGHTTIME_LIGHTS.md,1298
resources/markdown/NOAA_GFS0P25.md,4459
resources/markdown/NOAA_GOES_16_FDCC.md,2556
resources/markdown/NOAA_GOES_16_FDCF.md,2587
resources/markdown/NOAA_GOES_16_MCMIPC.md,5510
resources/markdown/NOAA_GOES_16_MCMIPF.md,5504
resources/markdown/NOAA_GOES_16_MCMIPM.md,5784
resources/markdown/NOAA_GOES_17_FDCC.md,2471
resources/markdown/NOAA_GOES_17_FDCF.md,2485
resources/markdown/NOAA_GOES_17_MCMIPC.md,5443
resources/markdown/NOAA_GOES_17_MCMIPF.md,5439
resources/markdown/NOAA_GOES_17_MCMIPM.md,5653
resources/markdown/NOAA_GOES_18_FDCC.md,2480
resources/markdown/NOAA_GOES_18_FDCF.md,2505
resources/markdown/NOAA_GOES_18_MCMIPC.md,5456
resources/markdown/NOAA_GOES_18_MCMIPF.md,5452
resources/markdown/NOAA_GOES_18_MCMIPM.md,5666
resources/markdown/NOAA_GOES_19_FDCC.md,2554
resources/markdown/NOAA_GOES_19_FDCF.md,2563
resources/markdown/NOAA_GOES_19_MCMIPC.md,5481
resources/markdown/NOAA_GOES_19_MCMIPF.md,5480
resources/markdown/NOAA_GOES_19_MCMIPM.md,5694
resources/markdown/NOAA_NCEP_DOE_RE2_total_cloud_coverage.md,1077
resources/markdown/NOAA_NGDC_ETOPO1.md,1122
resources/markdown/NOAA_NHC_HURDAT2_atlantic.md,2026
resources/markdown/NOAA_NHC_HURDAT2_pacific.md,2020
resources/markdown/NOAA_NWS_RTMA.md,1300
resources/markdown/NOAA_PERSIANN-CDR.md,1517
resources/markdown/NOAA_VIIRS_001_VNP22Q2.md,3030
resources/markdown/NOAA_VIIRS_001_VNP43IA1.md,1909
resources/markdown/NOAA_VIIRS_001_VNP43IA2.md,2154
resources/markdown/NOAA_VIIRS_001_VNP46A1.md,3404
resources/markdown/NOAA_VIIRS_001_VNP64A1.md,1948
resources/markdown/NOAA_VIIRS_DNB_ANNUAL_V21.md,1610
resources/markdown/NOAA_VIIRS_DNB_ANNUAL_V22.md,1540
resources/markdown/NOAA_VIIRS_DNB_MONTHLY_V1_VCMCFG.md,1275
resources/markdown/NOAA_VIIRS_DNB_MONTHLY_V1_VCMSLCFG.md,1372
resources/markdown/NRCan_CDEM.md,934
resources/markdown/Netherlands_Beeldmateriaal_LUCHTFOTO_RGB.md,834
resources/markdown/OREGONSTATE_PRISM_AN81d.md,2008
resources/markdown/OREGONSTATE_PRISM_AN81m.md,2016
resources/markdown/OREGONSTATE_PRISM_Norm91m.md,1909
resources/markdown/OSU_GIMP_2000_ICE_OCEAN_MASK.md,1359
resources/markdown/OSU_GIMP_2000_IMAGERY_MOSAIC.md,1712
resources/markdown/OSU_GIMP_DEM.md,1428
resources/markdown/OSU_GIMP_ICE_VELOCITY_OPT.md,1504
resources/markdown/OpenET_DISALEXI_CONUS_GRIDMET_MONTHLY_v2_0.md,1875
resources/markdown/OpenET_EEMETRIC_CONUS_GRIDMET_MONTHLY_v2_0.md,3567
resources/markdown/OpenET_ENSEMBLE_CONUS_GRIDMET_MONTHLY_v2_0.md,2123
resources/markdown/OpenET_GEESEBAL_CONUS_GRIDMET_MONTHLY_v2_0.md,2605
resources/markdown/OpenET_PTJPL_CONUS_GRIDMET_MONTHLY_v2_0.md,1927
resources/markdown/OpenET_SIMS_CONUS_GRIDMET_MONTHLY_v2_0.md,2747
resources/markdown/OpenET_SSEBOP_CONUS_GRIDMET_MONTHLY_v2_0.md,2415
resources/markdown/OpenLandMap_CLM_CLM_LST_MOD11A2-DAYNIGHT_M_v01.md,1832
resources/markdown/OpenLandMap_CLM_CLM_LST_MOD11A2-DAY_M_v01.md,1704
resources/markdown/OpenLandMap_CLM_CLM_LST_MOD11A2-DAY_SD_v01.md,1824
resources/markdown/OpenLandMap_CLM_CLM_PRECIPITATION_SM2RAIN_M_v01.md,1886
resources/markdown/OpenLandMap_PNV_PNV_BIOME-TYPE_BIOME00K_C_v01.md,1975
resources/markdown/OpenLandMap_PNV_PNV_FAPAR_PROBA-V_D_v01.md,1724
resources/markdown/OpenLandMap_SOL_SOL_BULKDENS-FINEEARTH_USDA-4A1H_M_v02.md,1490
resources/markdown/OpenLandMap_SOL_SOL_CLAY-WFRACTION_USDA-3A1A1A_M_v02.md,1644
resources/markdown/OpenLandMap_SOL_SOL_GRTGROUP_USDA-SOILTAX-HAPLUDALFS_P_v01.md,1316
resources/markdown/OpenLandMap_SOL_SOL_GRTGROUP_USDA-SOILTAX_C_v01.md,6276
resources/markdown/OpenLandMap_SOL_SOL_ORGANIC-CARBON_USDA-6A1C_M_v02.md,1501
resources/markdown/OpenLandMap_SOL_SOL_PH-H2O_USDA-4C1A2A_M_v02.md,1576
resources/markdown/OpenLandMap_SOL_SOL_SAND-WFRACTION_USDA-3A1A1A_M_v02.md,1643
resources/markdown/OpenLandMap_SOL_SOL_TEXTURE-CLASS_USDA-TT_M_v02.md,2450
resources/markdown/OpenLandMap_SOL_SOL_WATERCONTENT-33KPA_USDA-4B1C_M_v01.md,1983
resources/markdown/Oxford_MAP_EVI_5km_Monthly.md,1131
resources/markdown/Oxford_MAP_IGBP_Fractional_Landcover_5km_Annual.md,1925
resources/markdown/Oxford_MAP_LST_Day_5km_Monthly.md,1147
resources/markdown/Oxford_MAP_LST_Night_5km_Monthly.md,1146
resources/markdown/Oxford_MAP_TCB_5km_Monthly.md,1235
resources/markdown/Oxford_MAP_TCW_5km_Monthly.md,1240
resources/markdown/Oxford_MAP_accessibility_to_cities_2015_v1_0.md,1337
resources/markdown/Oxford_MAP_accessibility_to_healthcare_2019.md,1517
resources/markdown/Oxford_MAP_friction_surface_2019.md,1416
resources/markdown/RESOLVE_ECOREGIONS_2017.md,2614
resources/markdown/RUB_RUBCLIM_LCZ_global_lcz_map_latest.md,2249
resources/markdown/SKYSAT_GEN-A_PUBLIC_ORTHO_MULTISPECTRAL.md,1599
resources/markdown/SKYSAT_GEN-A_PUBLIC_ORTHO_RGB.md,1471
resources/markdown/SNU_ESL_BESS_Rad_v1.md,1050
resources/markdown/Slovakia_orthos_25cm.md,899
resources/markdown/Spain_PNOA_PNOA10.md,864
resources/markdown/Switzerland_SWISSIMAGE_orthos_10cm.md,971
resources/markdown/TERN_AET_CMRSET_LANDSAT_V2_2.md,2046
resources/markdown/TIGER_2010_BG.md,1338
resources/markdown/TIGER_2010_Blocks.md,1541
resources/markdown/TIGER_2010_Tracts_DP1.md,1607
resources/markdown/TIGER_2010_ZCTA5.md,1809
resources/markdown/TIGER_2016_Counties.md,1925
resources/markdown/TIGER_2016_Roads.md,1408
resources/markdown/TIGER_2016_States.md,1541
resources/markdown/TIGER_2018_Counties.md,1873
resources/markdown/TIGER_2018_States.md,1543
resources/markdown/TIGER_2020_BG.md,1664
resources/markdown/TIGER_2020_TABBLOCK20.md,1788
resources/markdown/TIGER_2020_TRACT.md,1692
resources/markdown/TOMS_MERGED.md,1203
resources/markdown/TRMM_3B42.md,2250
resources/markdown/TRMM_3B43V7.md,1913
resources/markdown/TUBerlin_BigEarthNet_v1.md,1756
resources/markdown/Tsinghua_DESS_ChinaTerraceMap_v1.md,1210
resources/markdown/Tsinghua_FROM-GLC_GAIA_v10.md,1806
resources/markdown/UCSB-CHG_CHIRPS_DAILY.md,1300
resources/markdown/UCSB-CHG_CHIRPS_PENTAD.md,1155
resources/markdown/UCSB-CHG_CHIRTS_DAILY.md,2227
resources/markdown/UCSB_CHC_CMIP6_v1.md,1568
resources/markdown/UK_EA_ENGLAND_1M_TERRAIN_2022.md,1608
resources/markdown/UMD_GLAD_PRIMARY_HUMID_TROPICAL_FORESTS_v1.md,1004
resources/markdown/UMD_hansen_global_forest_change_2024_v1_12.md,2620
resources/markdown/UMN_PGC_ArcticDEM_V3_2m.md,1573
resources/markdown/UMN_PGC_ArcticDEM_V4_2m_mosaic.md,1819
resources/markdown/UMN_PGC_REMA_V1_1_8m.md,1143
resources/markdown/UMN_PGC_REMA_V1_2m.md,1350
resources/markdown/UMN_PGC_REMA_V1_8m.md,1352
resources/markdown/UMT_Climate_IrrMapper_RF_v1_2.md,1266
resources/markdown/UMT_NTSG_v2_LANDSAT_GPP.md,1381
resources/markdown/UMT_NTSG_v2_LANDSAT_NPP.md,1267
resources/markdown/UMT_NTSG_v2_MODIS_GPP.md,1275
resources/markdown/UMT_NTSG_v2_MODIS_NPP.md,1241
resources/markdown/UN_Geodata_BNDA_simplified_current.md,1492
resources/markdown/UQ_murray_Intertidal_v1_1_data_mask.md,1544
resources/markdown/UQ_murray_Intertidal_v1_1_global_intertidal.md,1685
resources/markdown/UQ_murray_Intertidal_v1_1_qa_pixel_count.md,1296
resources/markdown/USDA_NAIP_DOQQ.md,1099
resources/markdown/USDA_NASS_CDL.md,3708
resources/markdown/USDA_WRC_v0.md,1832
resources/markdown/USDOS_LSIB_2017.md,1293
resources/markdown/USDOS_LSIB_SIMPLE_2017.md,1423
resources/markdown/USFS_GTAC_MTBS_annual_burn_severity_mosaics_v1.md,2012
resources/markdown/USFS_GTAC_MTBS_burned_area_boundaries_v1.md,2961
resources/markdown/USGS_3DEP_10m.md,1148
resources/markdown/USGS_3DEP_10m_metadata.md,5419
resources/markdown/USGS_3DEP_1m.md,1273
resources/markdown/USGS_GAP_AK_2001.md,3452
resources/markdown/USGS_GAP_HI_2001.md,1743
resources/markdown/USGS_GAP_PAD-US_v20_designation.md,3337
resources/markdown/USGS_GAP_PAD-US_v20_easement.md,3409
resources/markdown/USGS_GAP_PAD-US_v20_fee.md,3366
resources/markdown/USGS_GAP_PAD-US_v20_proclamation.md,3372
resources/markdown/USGS_GAP_PR_2001.md,2302
resources/markdown/USGS_GFSAD1000_V1.md,1411
resources/markdown/USGS_GMTED2010_FULL.md,1263
resources/markdown/USGS_GTOPO30.md,1073
resources/markdown/USGS_LIMA_MOSAIC.md,1197
resources/markdown/USGS_LIMA_SR.md,1339
resources/markdown/USGS_LIMA_SR_METADATA.md,1457
resources/markdown/USGS_NLCD_RELEASES_2019_REL_NLCD.md,3018
resources/markdown/USGS_NLCD_RELEASES_2020_REL_NALCMS.md,3398
resources/markdown/USGS_NLCD_RELEASES_2021_REL_NLCD.md,6326
resources/markdown/USGS_NLCD_RELEASES_2023_REL_RCMAP_V6_COVER.md,2580
resources/markdown/USGS_NLCD_RELEASES_2023_REL_RCMAP_V6_TRENDS.md,4386
resources/markdown/USGS_NLCD_RELEASES_2023_REL_RCMAP_V6_TRENDS_YEAR.md,3951
resources/markdown/USGS_NLCD_RELEASES_2023_REL_TCC_v2023-5.md,4351
resources/markdown/USGS_SRTMGL1_003.md,1300
resources/markdown/USGS_WBD_2017_HUC02.md,2040
resources/markdown/USGS_WBD_2017_HUC04.md,2042
resources/markdown/USGS_WBD_2017_HUC06.md,2042
resources/markdown/USGS_WBD_2017_HUC08.md,2044
resources/markdown/USGS_WBD_2017_HUC10.md,2096
resources/markdown/USGS_WBD_2017_HUC12.md,2201
resources/markdown/UTOKYO_WTLAB_KBDI_v1.md,1078
resources/markdown/VITO_PROBAV_C1_S1_TOC_100M.md,1951
resources/markdown/VITO_PROBAV_C1_S1_TOC_333M.md,1951
resources/markdown/WCMC_WDOECM_current_points.md,2757
resources/markdown/WCMC_WDOECM_current_polygons.md,3132
resources/markdown/WCMC_WDPA_current_points.md,2843
resources/markdown/WCMC_WDPA_current_polygons.md,3075
resources/markdown/WCMC_biomass_carbon_density_v1_0.md,2120
resources/markdown/WHRC_biomass_tropical.md,1134
resources/markdown/WM_geoLab_geoBoundaries_600_ADM0.md,1089
resources/markdown/WM_geoLab_geoBoundaries_600_ADM1.md,1102
resources/markdown/WM_geoLab_geoBoundaries_600_ADM2.md,1106
resources/markdown/WORLDCLIM_V1_BIO.md,1741
resources/markdown/WORLDCLIM_V1_MONTHLY.md,1118
resources/markdown/WRI_Aqueduct_Flood_Hazard_Maps_V2.md,1391
resources/markdown/WRI_Aqueduct_Water_Risk_V4_baseline_monthly.md,4432
resources/markdown/WRI_GFW_FORMA_alerts.md,1203
resources/markdown/WRI_GFW_FORMA_raw_output_firms.md,1389
resources/markdown/WRI_GFW_FORMA_raw_output_ndvi.md,1374
resources/markdown/WRI_GFW_FORMA_thresholds.md,1124
resources/markdown/WRI_GFW_FORMA_vegetation_tstats.md,1293
resources/markdown/WRI_GPPD_power_plants.md,2197
resources/markdown/WRI_SBTN_naturalLands_v1_1_2020.md,1619
resources/markdown/WRI_SBTN_naturalLands_v1_2020.md,1597
resources/markdown/WWF_HydroSHEDS_03CONDEM.md,1270
resources/markdown/WWF_HydroSHEDS_03DIR.md,1522
resources/markdown/WWF_HydroSHEDS_03VFDEM.md,1324
resources/markdown/WWF_HydroSHEDS_15ACC.md,1408
resources/markdown/WWF_HydroSHEDS_15CONDEM.md,1330
resources/markdown/WWF_HydroSHEDS_15DIR.md,1519
resources/markdown/WWF_HydroSHEDS_30ACC.md,1409
resources/markdown/WWF_HydroSHEDS_30CONDEM.md,1339
resources/markdown/WWF_HydroSHEDS_30DIR.md,1521
resources/markdown/WWF_HydroSHEDS_v1_Basins_hybas_1.md,2336
resources/markdown/WWF_HydroSHEDS_v1_Basins_hybas_10.md,2335
resources/markdown/WWF_HydroSHEDS_v1_Basins_hybas_11.md,2335
resources/markdown/WWF_HydroSHEDS_v1_Basins_hybas_12.md,2335
resources/markdown/WWF_HydroSHEDS_v1_Basins_hybas_2.md,2336
resources/markdown/WWF_HydroSHEDS_v1_Basins_hybas_3.md,2336
resources/markdown/WWF_HydroSHEDS_v1_Basins_hybas_4.md,2336
resources/markdown/WWF_HydroSHEDS_v1_Basins_hybas_5.md,2336
resources/markdown/WWF_HydroSHEDS_v1_Basins_hybas_6.md,2336
resources/markdown/WWF_HydroSHEDS_v1_Basins_hybas_7.md,2336
resources/markdown/WWF_HydroSHEDS_v1_Basins_hybas_8.md,2336
resources/markdown/WWF_HydroSHEDS_v1_Basins_hybas_9.md,2336
resources/markdown/WWF_HydroSHEDS_v1_FreeFlowingRivers.md,3249
resources/markdown/WorldPop_GP_100m_pop.md,1540
resources/markdown/WorldPop_GP_100m_pop_age_sex.md,2394
resources/markdown/WorldPop_GP_100m_pop_age_sex_cons_unadj.md,2548
resources/markdown/YALE_YCEO_UHI_Summer_UHI_yearly_pixel_v4.md,1475
resources/markdown/YALE_YCEO_UHI_UHI_all_averaged_v4.md,1556
resources/markdown/YALE_YCEO_UHI_UHI_monthly_averaged_v4.md,1863
resources/markdown/YALE_YCEO_UHI_UHI_yearly_averaged_v4.md,1475
resources/markdown/YALE_YCEO_UHI_UHI_yearly_pixel_v4.md,1448
resources/markdown/YALE_YCEO_UHI_Winter_UHI_yearly_pixel_v4.md,1475
resources/markdown/projects_edf-methanesat-ee_assets_public-preview_L3concentration.md,3376
resources/markdown/projects_edf-methanesat-ee_assets_public-preview_L4area.md,3367
resources/markdown/projects_edf-methanesat-ee_assets_public-preview_L4area_v2.md,3623
resources/markdown/projects_edf-methanesat-ee_assets_public-preview_L4point.md,3629
resources/markdown/projects_forestdatapartnership_assets_cocoa_model_2025a.md,1735
resources/markdown/projects_forestdatapartnership_assets_coffee_model_2025a.md,1742
resources/markdown/projects_forestdatapartnership_assets_community_forests_ForestPersistence_2020.md,1657
resources/markdown/projects_forestdatapartnership_assets_palm_model_2025a.md,1733
resources/markdown/projects_forestdatapartnership_assets_rubber_model_2025a.md,1743
resources/markdown/projects_gcp-public-data-weathernext_assets_126478713_1_0.md,4261
resources/markdown/projects_gcp-public-data-weathernext_assets_59572747_4_0.md,3999
resources/markdown/projects_global-pasture-watch_assets_ggc-30m_v1_cultiv-grassland_p.md,2435
resources/markdown/projects_global-pasture-watch_assets_ggc-30m_v1_grassland_c.md,2452
resources/markdown/projects_global-pasture-watch_assets_ggc-30m_v1_nat-semi-grassland_p.md,2472
resources/markdown/projects_landandcarbon_assets_wri_gdm_drivers_forest_loss_1km_v1_1_2001_2023.md,2753
resources/markdown/projects_landandcarbon_assets_wri_gdm_drivers_forest_loss_1km_v1_2001_2022.md,2741
resources/markdown/projects_landandcarbon_assets_wri_gdm_drivers_forest_loss_1km_v1_2_2001_2024.md,2749
resources/markdown/projects_neon-prod-earthengine_assets_CHM_001.md,2346
resources/markdown/projects_neon-prod-earthengine_assets_DEM_001.md,2333
resources/markdown/projects_neon-prod-earthengine_assets_RGB_001.md,2402
resources/markdown/projects_ngis-cat_assets_DEA_NIDEM.md,1751
resources/markdown/projects_planet-nicfi_assets_basemaps_africa.md,1675
resources/markdown/projects_planet-nicfi_assets_basemaps_americas.md,1685
resources/markdown/projects_planet-nicfi_assets_basemaps_asia.md,1675
resources/markdown/projects_sat-io_open-datasets_GLOBathy_GLOBathy_bathymetry.md,1383
resources/markdown/projects_sat-io_open-datasets_ORNL_LANDSCAN_GLOBAL.md,1939
resources/markdown/projects_sat-io_open-datasets_us-drought-monitor.md,1631
